Id, SalePrice
1.460000000000000000e+03,1.227308389453772397e+05
1.461000000000000000e+03,1.534347998347676767e+05
1.462000000000000000e+03,1.833021799366793712e+05
1.463000000000000000e+03,1.880017559068326664e+05
1.464000000000000000e+03,1.946418121731578140e+05
1.465000000000000000e+03,1.720985878381555958e+05
1.466000000000000000e+03,1.707619023379575228e+05
1.467000000000000000e+03,1.630823797571606410e+05
1.468000000000000000e+03,1.907608048100376327e+05
1.469000000000000000e+03,1.241328665130596928e+05
1.470000000000000000e+03,2.042977752706833126e+05
1.471000000000000000e+03,9.451450788791898231e+04
1.472000000000000000e+03,9.855072626604985271e+04
1.473000000000000000e+03,1.557023165320114349e+05
1.474000000000000000e+03,1.282501990528869501e+05
1.475000000000000000e+03,4.029092825758607942e+05
1.476000000000000000e+03,2.614058619758744026e+05
1.477000000000000000e+03,3.002323137726180139e+05
1.478000000000000000e+03,2.825649592014238006e+05
1.479000000000000000e+03,4.626465411463316996e+05
1.480000000000000000e+03,3.242655585523183690e+05
1.481000000000000000e+03,2.046353285738038539e+05
1.482000000000000000e+03,1.664920370803523692e+05
1.483000000000000000e+03,1.679466077572201611e+05
1.484000000000000000e+03,1.791836281122842920e+05
1.485000000000000000e+03,1.910732959130655800e+05
1.486000000000000000e+03,3.603862544247723417e+05
1.487000000000000000e+03,2.419361544437817065e+05
1.488000000000000000e+03,2.007935549361581798e+05
1.489000000000000000e+03,2.110864384706911806e+05
1.490000000000000000e+03,1.892382527608810924e+05
1.491000000000000000e+03,9.394986612873422564e+04
1.492000000000000000e+03,1.846702442442705797e+05
1.493000000000000000e+03,3.106701760108536691e+05
1.494000000000000000e+03,3.044815672921511577e+05
1.495000000000000000e+03,2.370999449803188327e+05
1.496000000000000000e+03,1.792653803857517487e+05
1.497000000000000000e+03,1.565647155930016597e+05
1.498000000000000000e+03,1.627865929480313498e+05
1.499000000000000000e+03,1.423167501048356062e+05
1.500000000000000000e+03,1.720632144168604573e+05
1.501000000000000000e+03,1.507445659640202357e+05
1.502000000000000000e+03,2.877896428733081557e+05
1.503000000000000000e+03,2.320654119682281453e+05
1.504000000000000000e+03,2.289965384444351075e+05
1.505000000000000000e+03,1.758206470372683834e+05
1.506000000000000000e+03,2.392339928274863632e+05
1.507000000000000000e+03,1.965529587055807060e+05
1.508000000000000000e+03,1.631752728148070455e+05
1.509000000000000000e+03,1.456177247924257827e+05
1.510000000000000000e+03,1.418830305123308208e+05
1.511000000000000000e+03,1.644525981300461572e+05
1.512000000000000000e+03,1.474375146590015502e+05
1.513000000000000000e+03,1.694119864522598218e+05
1.514000000000000000e+03,1.993450312524275796e+05
1.515000000000000000e+03,1.726354592052586959e+05
1.516000000000000000e+03,1.582271854225119168e+05
1.517000000000000000e+03,1.366339810674135224e+05
1.518000000000000000e+03,2.210318766053818690e+05
1.519000000000000000e+03,1.350709677272633417e+05
1.520000000000000000e+03,1.348378600374091184e+05
1.521000000000000000e+03,1.693693973712605075e+05
1.522000000000000000e+03,1.140666076603870315e+05
1.523000000000000000e+03,1.264748587683649821e+05
1.524000000000000000e+03,1.277296648391227791e+05
1.525000000000000000e+03,1.264836827151954640e+05
1.526000000000000000e+03,1.040786804653654544e+05
1.527000000000000000e+03,1.358910653339813580e+05
1.528000000000000000e+03,1.467303413549644465e+05
1.529000000000000000e+03,1.817359820682670397e+05
1.530000000000000000e+03,1.046251351090999378e+05
1.531000000000000000e+03,1.003367748243692913e+05
1.532000000000000000e+03,1.355948691100371361e+05
1.533000000000000000e+03,1.210980516292479733e+05
1.534000000000000000e+03,1.510245371958741744e+05
1.535000000000000000e+03,1.132279263058733195e+05
1.536000000000000000e+03,6.674944847913090780e+04
1.537000000000000000e+03,1.728529289703542017e+05
1.538000000000000000e+03,2.111143953348771320e+05
1.539000000000000000e+03,8.644947356511677208e+04
1.540000000000000000e+03,1.496118034594527853e+05
1.541000000000000000e+03,1.386172639827202365e+05
1.542000000000000000e+03,2.167431819163514301e+05
1.543000000000000000e+03,7.675883420631641638e+04
1.544000000000000000e+03,1.043330493376892555e+05
1.545000000000000000e+03,1.304056266900881019e+05
1.546000000000000000e+03,1.250231393590891967e+05
1.547000000000000000e+03,1.310402098061717406e+05
1.548000000000000000e+03,1.120823368817279261e+05
1.549000000000000000e+03,1.419261509375181049e+05
1.550000000000000000e+03,1.126208693684387399e+05
1.551000000000000000e+03,1.302311953703201289e+05
1.552000000000000000e+03,1.535877080248297134e+05
1.553000000000000000e+03,1.073561323292891466e+05
1.554000000000000000e+03,1.691242809133577684e+05
1.555000000000000000e+03,7.526966845624239068e+04
1.556000000000000000e+03,1.047206396720493358e+05
1.557000000000000000e+03,9.135883812899922486e+04
1.558000000000000000e+03,7.192971605300354713e+04
1.559000000000000000e+03,1.355541867669624917e+05
1.560000000000000000e+03,1.282850950875663984e+05
1.561000000000000000e+03,1.311203342058378912e+05
1.562000000000000000e+03,1.258540934022498841e+05
1.563000000000000000e+03,1.518030459383149864e+05
1.564000000000000000e+03,1.505642162715025479e+05
1.565000000000000000e+03,2.439415073243097868e+05
1.566000000000000000e+03,7.645166477891459363e+04
1.567000000000000000e+03,2.202016707812845998e+05
1.568000000000000000e+03,1.372790902541930554e+05
1.569000000000000000e+03,1.274911398246732570e+05
1.570000000000000000e+03,1.278261074590488715e+05
1.571000000000000000e+03,1.508713791609453037e+05
1.572000000000000000e+03,2.599682159417347866e+05
1.573000000000000000e+03,1.157158985461485718e+05
1.574000000000000000e+03,2.212776605951778183e+05
1.575000000000000000e+03,2.129422021683772327e+05
1.576000000000000000e+03,1.911511986362832831e+05
1.577000000000000000e+03,1.524428570841900946e+05
1.578000000000000000e+03,1.444009649506623973e+05
1.579000000000000000e+03,1.862409423883203708e+05
1.580000000000000000e+03,1.427617641847153136e+05
1.581000000000000000e+03,1.274571798201526253e+05
1.582000000000000000e+03,3.238070576634049066e+05
1.583000000000000000e+03,2.238777351860190975e+05
1.584000000000000000e+03,1.416877377588689269e+05
1.585000000000000000e+03,7.245613135417917510e+04
1.586000000000000000e+03,1.002234423915796942e+05
1.587000000000000000e+03,1.464344798913431587e+05
1.588000000000000000e+03,9.534625880242131825e+04
1.589000000000000000e+03,1.330911869333373616e+05
1.590000000000000000e+03,1.028831130887979962e+05
1.591000000000000000e+03,1.118363619549398281e+05
1.592000000000000000e+03,1.301190386625060783e+05
1.593000000000000000e+03,1.073771679781373969e+05
1.594000000000000000e+03,1.094904898425264691e+05
1.595000000000000000e+03,2.519708278108414088e+05
1.596000000000000000e+03,1.913511220515523455e+05
1.597000000000000000e+03,2.085961998748533952e+05
1.598000000000000000e+03,1.839042772842169215e+05
1.599000000000000000e+03,1.830769141959136759e+05
1.600000000000000000e+03,6.534824743324483279e+04
1.601000000000000000e+03,1.063405385319852212e+05
1.602000000000000000e+03,8.186725739266365417e+04
1.603000000000000000e+03,2.777077093261868577e+05
1.604000000000000000e+03,2.521357457977575541e+05
1.605000000000000000e+03,1.668793971852466639e+05
1.606000000000000000e+03,1.662124375801708666e+05
1.607000000000000000e+03,2.101225220031903591e+05
1.608000000000000000e+03,1.902324365523717715e+05
1.609000000000000000e+03,1.438307845137103577e+05
1.610000000000000000e+03,1.465038798811433371e+05
1.611000000000000000e+03,1.606546031200084544e+05
1.612000000000000000e+03,1.572690207334180595e+05
1.613000000000000000e+03,1.236179084149585833e+05
1.614000000000000000e+03,8.595847233402225538e+04
1.615000000000000000e+03,7.654585276333703951e+04
1.616000000000000000e+03,9.047571534926809545e+04
1.617000000000000000e+03,1.288682094486805581e+05
1.618000000000000000e+03,1.359986592601348239e+05
1.619000000000000000e+03,1.561931435518846847e+05
1.620000000000000000e+03,1.317044923986301292e+05
1.621000000000000000e+03,1.361916202868115797e+05
1.622000000000000000e+03,2.846633366276490851e+05
1.623000000000000000e+03,2.091897590263149177e+05
1.624000000000000000e+03,1.315332341779544367e+05
1.625000000000000000e+03,1.705012895769928582e+05
1.626000000000000000e+03,1.886739860834487772e+05
1.627000000000000000e+03,2.769661680888234405e+05
1.628000000000000000e+03,1.828242565976268088e+05
1.629000000000000000e+03,3.624336873109940207e+05
1.630000000000000000e+03,2.129871285901236115e+05
1.631000000000000000e+03,2.470086130207923416e+05
1.632000000000000000e+03,1.704609982750907657e+05
1.633000000000000000e+03,1.873861947147432365e+05
1.634000000000000000e+03,1.797062345754939888e+05
1.635000000000000000e+03,1.596971472822075011e+05
1.636000000000000000e+03,1.836523964885011665e+05
1.637000000000000000e+03,2.041660164732544799e+05
1.638000000000000000e+03,1.825842045581077691e+05
1.639000000000000000e+03,2.624091012354835402e+05
1.640000000000000000e+03,1.786017494435801927e+05
1.641000000000000000e+03,2.123893118258561008e+05
1.642000000000000000e+03,2.236724121567382244e+05
1.643000000000000000e+03,2.240603049471489503e+05
1.644000000000000000e+03,1.758552127008662210e+05
1.645000000000000000e+03,1.548439640372340509e+05
1.646000000000000000e+03,1.689165185928916908e+05
1.647000000000000000e+03,1.325266780395576498e+05
1.648000000000000000e+03,1.382460221168983553e+05
1.649000000000000000e+03,1.167075662524993822e+05
1.650000000000000000e+03,1.251862162068069010e+05
1.651000000000000000e+03,9.797418282963933598e+04
1.652000000000000000e+03,9.572203085563157219e+04
1.653000000000000000e+03,1.530237129519458977e+05
1.654000000000000000e+03,1.541016062900313118e+05
1.655000000000000000e+03,1.494192989965394954e+05
1.656000000000000000e+03,1.530237129519458977e+05
1.657000000000000000e+03,1.523262381073140132e+05
1.658000000000000000e+03,1.362369374607428617e+05
1.659000000000000000e+03,1.442778880549926835e+05
1.660000000000000000e+03,4.345936796366636991e+05
1.661000000000000000e+03,4.179183654005956487e+05
1.662000000000000000e+03,3.978440341523015522e+05
1.663000000000000000e+03,3.393808494266784401e+05
1.664000000000000000e+03,3.032111618641125970e+05
1.665000000000000000e+03,3.287020872716338490e+05
1.666000000000000000e+03,3.277813886399202165e+05
1.667000000000000000e+03,3.300252743703039014e+05
1.668000000000000000e+03,3.130394593915570877e+05
1.669000000000000000e+03,3.484364464165664394e+05
1.670000000000000000e+03,2.628946074429493165e+05
1.671000000000000000e+03,4.351583685628095991e+05
1.672000000000000000e+03,2.959415046642026864e+05
1.673000000000000000e+03,2.468597589849672513e+05
1.674000000000000000e+03,1.762564067640113935e+05
1.675000000000000000e+03,1.822433369435302739e+05
1.676000000000000000e+03,2.048333535830032197e+05
1.677000000000000000e+03,4.366627214315357851e+05
1.678000000000000000e+03,3.716150153708020807e+05
1.679000000000000000e+03,3.147767153063843725e+05
1.680000000000000000e+03,2.376750979289149400e+05
1.681000000000000000e+03,3.097080113876429386e+05
1.682000000000000000e+03,1.794268423612768529e+05
1.683000000000000000e+03,1.765142260927777097e+05
1.684000000000000000e+03,1.751611965331266401e+05
1.685000000000000000e+03,1.718782192330237885e+05
1.686000000000000000e+03,1.703443217246345885e+05
1.687000000000000000e+03,1.865610709764348867e+05
1.688000000000000000e+03,1.896341044910712226e+05
1.689000000000000000e+03,1.943862074266538257e+05
1.690000000000000000e+03,1.776483332208868815e+05
1.691000000000000000e+03,2.765792046616057050e+05
1.692000000000000000e+03,1.670168758866968274e+05
1.693000000000000000e+03,1.823588427637788991e+05
1.694000000000000000e+03,1.667310326008328411e+05
1.695000000000000000e+03,2.832655523828617297e+05
1.696000000000000000e+03,1.708940668472723337e+05
1.697000000000000000e+03,3.494044330904216040e+05
1.698000000000000000e+03,3.068128715293869027e+05
1.699000000000000000e+03,2.415265299772944127e+05
1.700000000000000000e+03,2.624996953004034585e+05
1.701000000000000000e+03,2.515296438130643510e+05
1.702000000000000000e+03,2.528361627271583711e+05
1.703000000000000000e+03,2.832521691911871312e+05
1.704000000000000000e+03,2.216300207774794835e+05
1.705000000000000000e+03,4.006532964369508554e+05
1.706000000000000000e+03,2.090508536329550552e+05
1.707000000000000000e+03,2.008063589960893732e+05
1.708000000000000000e+03,2.883588550578234135e+05
1.709000000000000000e+03,2.167640727543910616e+05
1.710000000000000000e+03,2.585403375763946387e+05
1.711000000000000000e+03,2.646845215193974436e+05
1.712000000000000000e+03,2.603362135355667269e+05
1.713000000000000000e+03,2.219598705449224508e+05
1.714000000000000000e+03,1.965385181493973651e+05
1.715000000000000000e+03,1.886808870679175598e+05
1.716000000000000000e+03,1.781103806472652359e+05
1.717000000000000000e+03,1.341957886113444110e+05
1.718000000000000000e+03,1.986415803184898687e+05
1.719000000000000000e+03,2.509001093484016019e+05
1.720000000000000000e+03,1.762249355262839526e+05
1.721000000000000000e+03,1.261980249120647786e+05
1.722000000000000000e+03,1.582244629047720809e+05
1.723000000000000000e+03,2.220410489438019868e+05
1.724000000000000000e+03,2.339292358751634893e+05
1.725000000000000000e+03,1.810192123420566495e+05
1.726000000000000000e+03,1.565197893225807056e+05
1.727000000000000000e+03,1.883830947606194532e+05
1.728000000000000000e+03,1.642673058911690605e+05
1.729000000000000000e+03,1.617405170266076166e+05
1.730000000000000000e+03,1.210166770395008789e+05
1.731000000000000000e+03,1.331612073585441103e+05
1.732000000000000000e+03,1.230875354412251181e+05
1.733000000000000000e+03,1.248391136468699406e+05
1.734000000000000000e+03,1.331323788814368600e+05
1.735000000000000000e+03,1.159198122354712395e+05
1.736000000000000000e+03,3.087395907891176175e+05
1.737000000000000000e+03,2.079020024651203130e+05
1.738000000000000000e+03,2.702365432809478370e+05
1.739000000000000000e+03,2.220468961624437070e+05
1.740000000000000000e+03,1.790204222716753138e+05
1.741000000000000000e+03,1.709271176399115357e+05
1.742000000000000000e+03,1.733067561645347159e+05
1.743000000000000000e+03,2.962969256303604925e+05
1.744000000000000000e+03,2.062666371994041256e+05
1.745000000000000000e+03,2.190734572485325625e+05
1.746000000000000000e+03,2.237328517900406732e+05
1.747000000000000000e+03,2.174514761376003735e+05
1.748000000000000000e+03,1.499345068986514816e+05
1.749000000000000000e+03,1.300912549992925342e+05
1.750000000000000000e+03,2.412986685073310509e+05
1.751000000000000000e+03,1.223793414897887851e+05
1.752000000000000000e+03,1.408268879711315676e+05
1.753000000000000000e+03,1.968374997595025634e+05
1.754000000000000000e+03,1.632432339793727733e+05
1.755000000000000000e+03,1.265247315680461325e+05
1.756000000000000000e+03,1.245378000096262404e+05
1.757000000000000000e+03,1.363227115633968788e+05
1.758000000000000000e+03,1.689146485400773236e+05
1.759000000000000000e+03,1.638886186060943874e+05
1.760000000000000000e+03,1.433374617066890933e+05
1.761000000000000000e+03,1.693564520069237915e+05
1.762000000000000000e+03,1.734509429866064456e+05
1.763000000000000000e+03,1.182980971169682743e+05
1.764000000000000000e+03,1.696242175633382867e+05
1.765000000000000000e+03,1.784192449817921442e+05
1.766000000000000000e+03,2.139890067218340700e+05
1.767000000000000000e+03,1.440901868209118838e+05
1.768000000000000000e+03,1.778876651711156883e+05
1.769000000000000000e+03,1.456111687677807349e+05
1.770000000000000000e+03,1.293986464228325640e+05
1.771000000000000000e+03,1.344734932214319706e+05
1.772000000000000000e+03,1.316211495347468881e+05
1.773000000000000000e+03,1.326754726250887907e+05
1.774000000000000000e+03,1.375584712221929221e+05
1.775000000000000000e+03,1.263673300086924864e+05
1.776000000000000000e+03,1.138839522030057124e+05
1.777000000000000000e+03,1.400734500267243129e+05
1.778000000000000000e+03,1.147134584040348855e+05
1.779000000000000000e+03,1.851346489042626345e+05
1.780000000000000000e+03,1.341797371046005574e+05
1.781000000000000000e+03,9.488507017657034157e+04
1.782000000000000000e+03,1.277914598243740038e+05
1.783000000000000000e+03,9.584833866761585523e+04
1.784000000000000000e+03,1.181050141619019414e+05
1.785000000000000000e+03,1.387618906203186198e+05
1.786000000000000000e+03,1.741525328427029308e+05
1.787000000000000000e+03,5.436066541120511101e+04
1.788000000000000000e+03,9.767133973204695212e+04
1.789000000000000000e+03,8.242352640275904560e+04
1.790000000000000000e+03,1.649678635262289608e+05
1.791000000000000000e+03,1.527770739681382256e+05
1.792000000000000000e+03,1.275857570506492630e+05
1.793000000000000000e+03,1.486129490345669328e+05
1.794000000000000000e+03,1.383727562486071256e+05
1.795000000000000000e+03,1.268839949366931396e+05
1.796000000000000000e+03,1.141267393820991419e+05
1.797000000000000000e+03,1.259208779235474794e+05
1.798000000000000000e+03,1.134964374332633452e+05
1.799000000000000000e+03,1.286470613503779605e+05
1.800000000000000000e+03,1.255604689789242984e+05
1.801000000000000000e+03,1.481345133665277390e+05
1.802000000000000000e+03,1.461946373515504820e+05
1.803000000000000000e+03,1.392423982852745103e+05
1.804000000000000000e+03,1.381294741463763348e+05
1.805000000000000000e+03,1.100462843485017365e+05
1.806000000000000000e+03,1.279870547211496596e+05
1.807000000000000000e+03,1.215014783303171716e+05
1.808000000000000000e+03,1.184488291341722070e+05
1.809000000000000000e+03,1.454782886001620791e+05
1.810000000000000000e+03,1.025911590970168181e+05
1.811000000000000000e+03,1.011407960729061015e+05
1.812000000000000000e+03,1.174395640585377259e+05
1.813000000000000000e+03,1.016488876517155732e+05
1.814000000000000000e+03,5.124789128520109807e+04
1.815000000000000000e+03,9.892370119623461505e+04
1.816000000000000000e+03,1.118841004467126768e+05
1.817000000000000000e+03,1.340177723388215236e+05
1.818000000000000000e+03,1.235973432926054229e+05
1.819000000000000000e+03,6.065348629192979570e+04
1.820000000000000000e+03,1.129333019265712646e+05
1.821000000000000000e+03,1.508955019701314159e+05
1.822000000000000000e+03,3.937068725111872482e+04
1.823000000000000000e+03,1.316525869595155818e+05
1.824000000000000000e+03,1.310620120822347671e+05
1.825000000000000000e+03,9.720438332595385145e+04
1.826000000000000000e+03,1.082566706532216631e+05
1.827000000000000000e+03,1.374138142200986331e+05
1.828000000000000000e+03,1.095040678510984289e+05
1.829000000000000000e+03,1.382821712378635420e+05
1.830000000000000000e+03,1.745539627976106713e+05
1.831000000000000000e+03,8.220553445693771937e+04
1.832000000000000000e+03,1.316761258665296773e+05
1.833000000000000000e+03,1.154776868415266945e+05
1.834000000000000000e+03,1.419159814396161528e+05
1.835000000000000000e+03,1.193359244116011250e+05
1.836000000000000000e+03,9.346960638623494015e+04
1.837000000000000000e+03,1.251964898543394957e+05
1.838000000000000000e+03,8.094125987420609454e+04
1.839000000000000000e+03,1.538353488800477062e+05
1.840000000000000000e+03,1.450089834442944266e+05
1.841000000000000000e+03,7.282369580039242283e+04
1.842000000000000000e+03,1.313338939365363040e+05
1.843000000000000000e+03,1.308505068229912868e+05
1.844000000000000000e+03,1.432782536343540705e+05
1.845000000000000000e+03,1.582278662820327154e+05
1.846000000000000000e+03,1.552085011490613688e+05
1.847000000000000000e+03,4.998674247693624056e+04
1.848000000000000000e+03,1.170751180705911247e+05
1.849000000000000000e+03,1.265017168833902397e+05
1.850000000000000000e+03,1.533053419076553837e+05
1.851000000000000000e+03,1.348504614693950862e+05
1.852000000000000000e+03,1.342646464540669986e+05
1.853000000000000000e+03,1.710708300667447329e+05
1.854000000000000000e+03,1.397088894034580735e+05
1.855000000000000000e+03,2.159128784063829808e+05
1.856000000000000000e+03,1.643791023956355348e+05
1.857000000000000000e+03,1.298455136122845870e+05
1.858000000000000000e+03,1.282414924872567353e+05
1.859000000000000000e+03,1.499832288615721045e+05
1.860000000000000000e+03,1.282414924872567353e+05
1.861000000000000000e+03,3.118000480324458913e+05
1.862000000000000000e+03,3.020554572810379905e+05
1.863000000000000000e+03,3.020554572810379905e+05
1.864000000000000000e+03,3.549236398161375546e+05
1.865000000000000000e+03,3.429144225576082245e+05
1.866000000000000000e+03,2.451968601141140389e+05
1.867000000000000000e+03,2.937144142650594586e+05
1.868000000000000000e+03,1.997717464671922789e+05
1.869000000000000000e+03,2.406417630727593787e+05
1.870000000000000000e+03,2.662816628320562886e+05
1.871000000000000000e+03,1.693563891009819927e+05
1.872000000000000000e+03,2.282435018972488178e+05
1.873000000000000000e+03,1.430054982013597037e+05
1.874000000000000000e+03,2.111899610833226179e+05
1.875000000000000000e+03,1.891111703218777548e+05
1.876000000000000000e+03,2.192785965911220410e+05
1.877000000000000000e+03,2.209678634236621438e+05
1.878000000000000000e+03,1.339207519975447212e+05
1.879000000000000000e+03,1.350768281894484244e+05
1.880000000000000000e+03,2.448958326215344132e+05
1.881000000000000000e+03,2.572486964185342076e+05
1.882000000000000000e+03,1.906976586461421393e+05
1.883000000000000000e+03,2.056375304239808174e+05
1.884000000000000000e+03,2.615092543702473922e+05
1.885000000000000000e+03,3.017911221981179551e+05
1.886000000000000000e+03,2.055908490436151333e+05
1.887000000000000000e+03,2.759716902961625601e+05
1.888000000000000000e+03,1.639437737851717684e+05
1.889000000000000000e+03,1.330058435356892878e+05
1.890000000000000000e+03,1.305054507137044420e+05
1.891000000000000000e+03,1.123979545003818785e+05
1.892000000000000000e+03,1.255662023751270026e+05
1.893000000000000000e+03,1.294681792957319267e+05
1.894000000000000000e+03,1.379926674985397258e+05
1.895000000000000000e+03,1.242660530146536621e+05
1.896000000000000000e+03,1.111104715463140165e+05
1.897000000000000000e+03,1.080177310475058621e+05
1.898000000000000000e+03,1.553092140424745739e+05
1.899000000000000000e+03,1.501357941834089870e+05
1.900000000000000000e+03,1.678923123834633734e+05
1.901000000000000000e+03,1.414294128498922219e+05
1.902000000000000000e+03,2.186200218028774543e+05
1.903000000000000000e+03,1.463523547901522834e+05
1.904000000000000000e+03,1.980014283337980742e+05
1.905000000000000000e+03,1.676598092701420828e+05
1.906000000000000000e+03,1.977843826934098615e+05
1.907000000000000000e+03,1.137485573519110912e+05
1.908000000000000000e+03,1.356355628961833136e+05
1.909000000000000000e+03,1.219651525014977669e+05
1.910000000000000000e+03,2.218693263949316461e+05
1.911000000000000000e+03,3.228168734942905139e+05
1.912000000000000000e+03,1.506097203814994718e+05
1.913000000000000000e+03,5.296837740819473402e+04
1.914000000000000000e+03,2.972950193961454788e+05
1.915000000000000000e+03,6.880859035264639533e+04
1.916000000000000000e+03,2.711165893756388105e+05
1.917000000000000000e+03,1.376485311678762082e+05
1.918000000000000000e+03,1.642108078426006250e+05
1.919000000000000000e+03,1.450781353577689442e+05
1.920000000000000000e+03,4.304928225266686059e+05
1.921000000000000000e+03,3.401286033264620928e+05
1.922000000000000000e+03,2.044412052821609832e+05
1.923000000000000000e+03,2.225162194394035614e+05
1.924000000000000000e+03,2.091559601432266063e+05
1.925000000000000000e+03,4.021135189496290986e+05
1.926000000000000000e+03,1.368898031353587867e+05
1.927000000000000000e+03,1.660118243727755325e+05
1.928000000000000000e+03,1.201029691384369507e+05
1.929000000000000000e+03,1.255860009150499827e+05
1.930000000000000000e+03,1.427377218387290195e+05
1.931000000000000000e+03,1.349093515595537901e+05
1.932000000000000000e+03,1.736235357062892581e+05
1.933000000000000000e+03,1.825748857878797571e+05
1.934000000000000000e+03,1.709338858715669485e+05
1.935000000000000000e+03,1.879098642777085479e+05
1.936000000000000000e+03,1.829660276048575470e+05
1.937000000000000000e+03,1.725601437213323661e+05
1.938000000000000000e+03,2.424217505439015222e+05
1.939000000000000000e+03,1.955702928185485362e+05
1.940000000000000000e+03,1.698271917178844451e+05
1.941000000000000000e+03,1.812648473434049811e+05
1.942000000000000000e+03,2.014379392438642972e+05
1.943000000000000000e+03,3.324079377476048539e+05
1.944000000000000000e+03,3.740188779112461489e+05
1.945000000000000000e+03,1.430431725269303715e+05
1.946000000000000000e+03,3.025532016924280324e+05
1.947000000000000000e+03,1.802998149655614397e+05
1.948000000000000000e+03,2.340840320289709489e+05
1.949000000000000000e+03,1.823925008816859918e+05
1.950000000000000000e+03,2.534958391515274998e+05
1.951000000000000000e+03,2.173664654473803821e+05
1.952000000000000000e+03,1.666349282887048903e+05
1.953000000000000000e+03,1.969385925078275905e+05
1.954000000000000000e+03,1.304799290600434906e+05
1.955000000000000000e+03,2.785646716110329144e+05
1.956000000000000000e+03,1.574400592404046911e+05
1.957000000000000000e+03,3.239506536646490567e+05
1.958000000000000000e+03,1.368625331818209670e+05
1.959000000000000000e+03,1.187622447260764893e+05
1.960000000000000000e+03,1.190308192543833720e+05
1.961000000000000000e+03,9.663544081118637405e+04
1.962000000000000000e+03,1.004909103785982152e+05
1.963000000000000000e+03,1.094195363326957158e+05
1.964000000000000000e+03,1.471557745661838562e+05
1.965000000000000000e+03,1.536825828471137502e+05
1.966000000000000000e+03,2.931626053828211734e+05
1.967000000000000000e+03,3.981803257246313733e+05
1.968000000000000000e+03,3.891018439811363933e+05
1.969000000000000000e+03,4.421572688229682390e+05
1.970000000000000000e+03,4.463588380739758722e+05
1.971000000000000000e+03,4.121249699885951122e+05
1.972000000000000000e+03,2.639071835390547058e+05
1.973000000000000000e+03,3.328721964566871175e+05
1.974000000000000000e+03,3.982677507648080937e+05
1.975000000000000000e+03,2.685893470753734582e+05
1.976000000000000000e+03,3.512724289270122536e+05
1.977000000000000000e+03,3.685171839108390850e+05
1.978000000000000000e+03,3.174810416654425790e+05
1.979000000000000000e+03,1.867945169720518170e+05
1.980000000000000000e+03,3.577500910666820128e+05
1.981000000000000000e+03,2.166681079111880972e+05
1.982000000000000000e+03,2.043266039449802774e+05
1.983000000000000000e+03,1.717231835870820214e+05
1.984000000000000000e+03,2.286779310229672119e+05
1.985000000000000000e+03,2.157153492772224126e+05
1.986000000000000000e+03,1.809825543949875282e+05
1.987000000000000000e+03,1.778027879444194841e+05
1.988000000000000000e+03,1.903402757111798273e+05
1.989000000000000000e+03,2.198824364198741387e+05
1.990000000000000000e+03,2.317238791098008514e+05
1.991000000000000000e+03,2.074598981834398292e+05
1.992000000000000000e+03,1.688634421178934572e+05
1.993000000000000000e+03,2.378102966799580900e+05
1.994000000000000000e+03,1.824623211331772036e+05
1.995000000000000000e+03,2.458042167831439292e+05
1.996000000000000000e+03,3.314209168634089874e+05
1.997000000000000000e+03,3.331197173441847553e+05
1.998000000000000000e+03,2.505992776868395449e+05
1.999000000000000000e+03,3.132813488589030458e+05
2.000000000000000000e+03,2.528185541322409117e+05
2.001000000000000000e+03,2.437930340071557439e+05
2.002000000000000000e+03,2.452033306706551521e+05
2.003000000000000000e+03,2.670645218607102288e+05
2.004000000000000000e+03,2.157093471308671869e+05
2.005000000000000000e+03,2.268182597136862460e+05
2.006000000000000000e+03,2.496764557663104788e+05
2.007000000000000000e+03,2.114922277641598776e+05
2.008000000000000000e+03,1.830612314427483361e+05
2.009000000000000000e+03,1.947607874533555878e+05
2.010000000000000000e+03,1.416755770725716720e+05
2.011000000000000000e+03,1.772429390176218003e+05
2.012000000000000000e+03,1.829001726994489436e+05
2.013000000000000000e+03,1.817978308709995181e+05
2.014000000000000000e+03,1.993227055512827937e+05
2.015000000000000000e+03,1.881693448639427952e+05
2.016000000000000000e+03,1.907687558034201502e+05
2.017000000000000000e+03,1.216841195725551952e+05
2.018000000000000000e+03,1.352216627128947875e+05
2.019000000000000000e+03,1.149536269043075008e+05
2.020000000000000000e+03,1.120192731874402380e+05
2.021000000000000000e+03,1.905714143907231046e+05
2.022000000000000000e+03,1.397892342505530978e+05
2.023000000000000000e+03,2.302072639000646886e+05
2.024000000000000000e+03,3.498499911922098836e+05
2.025000000000000000e+03,1.749566618170146830e+05
2.026000000000000000e+03,1.429573577586631000e+05
2.027000000000000000e+03,1.561263400012856582e+05
2.028000000000000000e+03,1.676302145882478217e+05
2.029000000000000000e+03,2.961775738024919992e+05
2.030000000000000000e+03,2.255808900767090381e+05
2.031000000000000000e+03,2.465833203973929340e+05
2.032000000000000000e+03,2.661685025902098860e+05
2.033000000000000000e+03,1.648425851149741793e+05
2.034000000000000000e+03,1.997633600437738351e+05
2.035000000000000000e+03,2.051568834516411298e+05
2.036000000000000000e+03,2.104631149172691512e+05
2.037000000000000000e+03,2.905611448994779494e+05
2.038000000000000000e+03,2.277884453088606824e+05
2.039000000000000000e+03,2.988965442927876720e+05
2.040000000000000000e+03,2.731461378004008438e+05
2.041000000000000000e+03,1.941651783896098495e+05
2.042000000000000000e+03,1.704102520090787730e+05
2.043000000000000000e+03,1.655605920523266832e+05
2.044000000000000000e+03,2.137380113605500374e+05
2.045000000000000000e+03,1.389407619719010836e+05
2.046000000000000000e+03,1.483173690265740443e+05
2.047000000000000000e+03,1.358417650114693388e+05
2.048000000000000000e+03,1.361704916308281827e+05
2.049000000000000000e+03,1.859087601487461361e+05
2.050000000000000000e+03,1.049317230087955832e+05
2.051000000000000000e+03,1.310428767131368368e+05
2.052000000000000000e+03,1.498513050458873331e+05
2.053000000000000000e+03,8.146576844328100560e+04
2.054000000000000000e+03,1.609696798963378533e+05
2.055000000000000000e+03,1.329625548592961277e+05
2.056000000000000000e+03,1.251983058577054908e+05
2.057000000000000000e+03,2.173648528801361390e+05
2.058000000000000000e+03,1.311364907158134447e+05
2.059000000000000000e+03,1.663007691818667226e+05
2.060000000000000000e+03,1.816779574475253758e+05
2.061000000000000000e+03,1.345451414834309835e+05
2.062000000000000000e+03,1.116618509658789990e+05
2.063000000000000000e+03,1.431186041447292082e+05
2.064000000000000000e+03,1.210860110054913966e+05
2.065000000000000000e+03,1.704171487639189581e+05
2.066000000000000000e+03,1.124153622814343253e+05
2.067000000000000000e+03,1.410254154712593881e+05
2.068000000000000000e+03,8.696050017888276489e+04
2.069000000000000000e+03,1.124782741795524926e+05
2.070000000000000000e+03,8.723547773687064182e+04
2.071000000000000000e+03,1.272737774961250980e+05
2.072000000000000000e+03,1.382832688609459728e+05
2.073000000000000000e+03,1.872992212253400648e+05
2.074000000000000000e+03,1.392752738458006061e+05
2.075000000000000000e+03,1.219431753610271990e+05
2.076000000000000000e+03,1.484014471357371367e+05
2.077000000000000000e+03,1.315709200874808012e+05
2.078000000000000000e+03,1.360210017905139248e+05
2.079000000000000000e+03,1.224103758103197761e+05
2.080000000000000000e+03,1.279242384410361847e+05
2.081000000000000000e+03,1.185182297486213793e+05
2.082000000000000000e+03,1.481291803973520873e+05
2.083000000000000000e+03,1.152990696411209938e+05
2.084000000000000000e+03,1.225620413129106455e+05
2.085000000000000000e+03,1.121471636370488122e+05
2.086000000000000000e+03,1.191163124888786988e+05
2.087000000000000000e+03,9.355399252912224620e+04
2.088000000000000000e+03,7.975413232953203260e+04
2.089000000000000000e+03,1.272724826349542564e+05
2.090000000000000000e+03,1.241721716833017563e+05
2.091000000000000000e+03,1.281351696006038546e+05
2.092000000000000000e+03,1.256197944879843271e+05
2.093000000000000000e+03,1.254561103479106241e+05
2.094000000000000000e+03,1.465823835495504318e+05
2.095000000000000000e+03,8.151074282854389457e+04
2.096000000000000000e+03,9.246328034021361964e+04
2.097000000000000000e+03,1.425046086160773702e+05
2.098000000000000000e+03,6.034800303828735923e+04
2.099000000000000000e+03,8.578971005048105144e+04
2.100000000000000000e+03,1.252926111749968259e+05
2.101000000000000000e+03,1.327023471565734362e+05
2.102000000000000000e+03,1.044381701928931870e+05
2.103000000000000000e+03,1.259610425498504919e+05
2.104000000000000000e+03,1.267267440139071114e+05
2.105000000000000000e+03,6.239040501514507196e+04
2.106000000000000000e+03,2.157207247068173892e+05
2.107000000000000000e+03,1.193476884549132956e+05
2.108000000000000000e+03,1.181543557581112254e+05
2.109000000000000000e+03,1.307710162886920734e+05
2.110000000000000000e+03,1.469988370801365527e+05
2.111000000000000000e+03,1.360055681993768376e+05
2.112000000000000000e+03,1.166632804339556897e+05
2.113000000000000000e+03,1.046750973371046857e+05
2.114000000000000000e+03,1.503472251028983446e+05
2.115000000000000000e+03,1.223047727829316282e+05
2.116000000000000000e+03,1.497087371938523429e+05
2.117000000000000000e+03,1.205518348360601813e+05
2.118000000000000000e+03,1.045453924497961852e+05
2.119000000000000000e+03,1.112272792859024921e+05
2.120000000000000000e+03,9.704685289084377291e+04
2.121000000000000000e+03,9.982466500930396433e+04
2.122000000000000000e+03,8.386813952392847568e+04
2.123000000000000000e+03,1.642785991210892680e+05
2.124000000000000000e+03,1.271968604595162324e+05
2.125000000000000000e+03,1.529515165181942575e+05
2.126000000000000000e+03,1.395476644730317930e+05
2.127000000000000000e+03,1.237587821888068574e+05
2.128000000000000000e+03,1.023078057370279275e+05
2.129000000000000000e+03,1.357388112146639614e+05
2.130000000000000000e+03,1.430028962307053444e+05
2.131000000000000000e+03,1.155101052573285706e+05
2.132000000000000000e+03,1.231128654533293302e+05
2.133000000000000000e+03,1.194958147231181647e+05
2.134000000000000000e+03,1.015639685590369627e+05
2.135000000000000000e+03,6.653707360118103679e+04
2.136000000000000000e+03,1.081877088300140604e+05
2.137000000000000000e+03,1.331201781778067234e+05
2.138000000000000000e+03,1.547111873138973897e+05
2.139000000000000000e+03,1.406118946385667659e+05
2.140000000000000000e+03,1.376960609553518007e+05
2.141000000000000000e+03,1.281536336779607082e+05
2.142000000000000000e+03,1.376511443635772739e+05
2.143000000000000000e+03,1.152390556918229850e+05
2.144000000000000000e+03,1.372914917092850956e+05
2.145000000000000000e+03,1.695384479509798985e+05
2.146000000000000000e+03,1.418041611293377646e+05
2.147000000000000000e+03,1.243881851999272913e+05
2.148000000000000000e+03,1.373664183191557822e+05
2.149000000000000000e+03,2.249837696087598160e+05
2.150000000000000000e+03,1.232653671573707252e+05
2.151000000000000000e+03,1.844626750473601860e+05
2.152000000000000000e+03,1.580593658871664666e+05
2.153000000000000000e+03,1.067120017541570560e+05
2.154000000000000000e+03,1.360302094685346819e+05
2.155000000000000000e+03,2.700507400227942853e+05
2.156000000000000000e+03,2.327392479640088859e+05
2.157000000000000000e+03,2.331517124068311823e+05
2.158000000000000000e+03,2.201396651465166942e+05
2.159000000000000000e+03,1.763165816754045954e+05
2.160000000000000000e+03,2.455868947850801924e+05
2.161000000000000000e+03,3.996541519954843679e+05
2.162000000000000000e+03,3.548949920532744145e+05
2.163000000000000000e+03,2.593684323159076448e+05
2.164000000000000000e+03,1.871944061519882525e+05
2.165000000000000000e+03,1.487390728780227364e+05
2.166000000000000000e+03,2.268810146335538884e+05
2.167000000000000000e+03,1.958656393873374618e+05
2.168000000000000000e+03,1.948379797098070267e+05
2.169000000000000000e+03,2.160269805714078830e+05
2.170000000000000000e+03,1.457937142764312157e+05
2.171000000000000000e+03,1.366587487359868246e+05
2.172000000000000000e+03,1.548780295251785719e+05
2.173000000000000000e+03,2.300364397883007186e+05
2.174000000000000000e+03,3.335925325117449393e+05
2.175000000000000000e+03,3.212289286409456981e+05
2.176000000000000000e+03,2.438081634780600434e+05
2.177000000000000000e+03,2.165180510519234231e+05
2.178000000000000000e+03,1.416877377588689269e+05
2.179000000000000000e+03,2.125397222961101797e+05
2.180000000000000000e+03,1.920179606425497623e+05
2.181000000000000000e+03,2.244785971028882777e+05
2.182000000000000000e+03,1.861994315264732868e+05
2.183000000000000000e+03,1.331370714451620879e+05
2.184000000000000000e+03,1.032270642913725751e+05
2.185000000000000000e+03,1.429851713932376297e+05
2.186000000000000000e+03,1.493459032277757651e+05
2.187000000000000000e+03,1.614379841681520629e+05
2.188000000000000000e+03,1.900714936166211846e+05
2.189000000000000000e+03,8.660856540060458065e+04
2.190000000000000000e+03,8.998168304526724387e+04
2.191000000000000000e+03,9.539370619040008751e+04
2.192000000000000000e+03,1.045139161793776439e+05
2.193000000000000000e+03,1.015077405826731410e+05
2.194000000000000000e+03,1.187508792216191650e+05
2.195000000000000000e+03,1.078255856073077302e+05
2.196000000000000000e+03,1.122107730416408449e+05
2.197000000000000000e+03,1.575388216348889109e+05
2.198000000000000000e+03,1.703875552938259498e+05
2.199000000000000000e+03,1.397762772622697230e+05
2.200000000000000000e+03,1.353041038806454453e+05
2.201000000000000000e+03,2.221337003419314860e+05
2.202000000000000000e+03,1.505160693362605816e+05
2.203000000000000000e+03,1.786568552838398609e+05
2.204000000000000000e+03,1.128743579686647863e+05
2.205000000000000000e+03,1.338209077534665121e+05
2.206000000000000000e+03,2.289091019879632804e+05
2.207000000000000000e+03,2.471215275590972160e+05
2.208000000000000000e+03,2.086235663376036100e+05
2.209000000000000000e+03,1.195421433852792252e+05
2.210000000000000000e+03,1.211516820614971075e+05
2.211000000000000000e+03,1.112760702791736549e+05
2.212000000000000000e+03,1.054740321380551031e+05
2.213000000000000000e+03,1.279061173408296891e+05
2.214000000000000000e+03,1.043845190760249825e+05
2.215000000000000000e+03,1.392167154025521304e+05
2.216000000000000000e+03,8.108405598196842766e+04
2.217000000000000000e+03,6.366541978455665230e+04
2.218000000000000000e+03,6.342014271393993840e+04
2.219000000000000000e+03,6.346729604543706228e+04
2.220000000000000000e+03,2.972950193961454788e+05
2.221000000000000000e+03,2.573083462265064591e+05
2.222000000000000000e+03,2.973646786009487114e+05
2.223000000000000000e+03,2.092003452692949504e+05
2.224000000000000000e+03,1.176237063268468191e+05
2.225000000000000000e+03,1.744531554758466664e+05
2.226000000000000000e+03,2.046271405429202423e+05
2.227000000000000000e+03,2.767450471633661073e+05
2.228000000000000000e+03,2.431874671625824994e+05
2.229000000000000000e+03,1.480978524322235025e+05
2.230000000000000000e+03,2.206288790035218117e+05
2.231000000000000000e+03,1.813825829603260790e+05
2.232000000000000000e+03,1.731738078118541453e+05
2.233000000000000000e+03,2.399350363043776597e+05
2.234000000000000000e+03,2.130132866608409968e+05
2.235000000000000000e+03,2.664504290091777802e+05
2.236000000000000000e+03,3.263365193210968864e+05
2.237000000000000000e+03,2.119546213160325424e+05
2.238000000000000000e+03,1.102937507501046348e+05
2.239000000000000000e+03,1.604967133180588426e+05
2.240000000000000000e+03,1.455219856192037696e+05
2.241000000000000000e+03,1.315548421281809278e+05
2.242000000000000000e+03,1.282344570469772589e+05
2.243000000000000000e+03,1.053526029430626077e+05
2.244000000000000000e+03,1.036897715104369563e+05
2.245000000000000000e+03,1.504467998711792170e+05
2.246000000000000000e+03,1.076641101346436917e+05
2.247000000000000000e+03,1.248421212402699748e+05
2.248000000000000000e+03,1.262055149630345113e+05
2.249000000000000000e+03,1.348183822763579374e+05
2.250000000000000000e+03,1.097805743387700059e+05
2.251000000000000000e+03,1.758403295377166942e+05
2.252000000000000000e+03,1.560809605185572000e+05
2.253000000000000000e+03,1.746137477295376884e+05
2.254000000000000000e+03,1.851226412928104401e+05
2.255000000000000000e+03,1.860964617928965599e+05
2.256000000000000000e+03,1.958062675474998250e+05
2.257000000000000000e+03,1.738480934999826131e+05
2.258000000000000000e+03,1.739492421014973661e+05
2.259000000000000000e+03,1.535576259233473684e+05
2.260000000000000000e+03,1.941992297338010976e+05
2.261000000000000000e+03,2.146887895696034539e+05
2.262000000000000000e+03,3.366703049850621610e+05
2.263000000000000000e+03,4.185439506669945549e+05
2.264000000000000000e+03,1.768501235219664231e+05
2.265000000000000000e+03,2.899569403853055555e+05
2.266000000000000000e+03,3.660654111717442283e+05
2.267000000000000000e+03,4.285742852077860152e+05
2.268000000000000000e+03,1.513894907354022143e+05
2.269000000000000000e+03,1.859865548678583873e+05
2.270000000000000000e+03,2.318058073281866964e+05
2.271000000000000000e+03,1.970511864151147602e+05
2.272000000000000000e+03,1.598871553385119769e+05
2.273000000000000000e+03,1.725219903567603033e+05
2.274000000000000000e+03,1.695247537299192918e+05
2.275000000000000000e+03,1.881788189056950505e+05
2.276000000000000000e+03,1.831394669855348184e+05
2.277000000000000000e+03,1.478647896991145390e+05
2.278000000000000000e+03,1.235020619852539967e+05
2.279000000000000000e+03,1.286926576196107198e+05
2.280000000000000000e+03,1.639337645363789343e+05
2.281000000000000000e+03,1.796090733429911488e+05
2.282000000000000000e+03,9.957862123605460511e+04
2.283000000000000000e+03,1.088513374403680500e+05
2.284000000000000000e+03,1.482381387559812283e+05
2.285000000000000000e+03,1.262390765809374425e+05
2.286000000000000000e+03,3.569404691387946368e+05
2.287000000000000000e+03,2.667224786819142173e+05
2.288000000000000000e+03,3.658742104948054184e+05
2.289000000000000000e+03,4.508734275421579368e+05
2.290000000000000000e+03,3.206965099937584600e+05
2.291000000000000000e+03,4.310247798107722192e+05
2.292000000000000000e+03,4.696626588970325538e+05
2.293000000000000000e+03,4.314796542244156008e+05
2.294000000000000000e+03,4.256937403701515868e+05
2.295000000000000000e+03,2.970941464991764515e+05
2.296000000000000000e+03,3.204633688975442201e+05
2.297000000000000000e+03,3.122441623657898745e+05
2.298000000000000000e+03,3.715864488731330493e+05
2.299000000000000000e+03,3.415455042137701530e+05
2.300000000000000000e+03,2.748818483793601627e+05
2.301000000000000000e+03,2.363873243908936274e+05
2.302000000000000000e+03,2.470163382284045510e+05
2.303000000000000000e+03,2.434153255460123764e+05
2.304000000000000000e+03,1.760902216241638525e+05
2.305000000000000000e+03,1.720420065879884933e+05
2.306000000000000000e+03,1.763885624410292949e+05
2.307000000000000000e+03,2.321239305080533086e+05
2.308000000000000000e+03,2.778359156358395121e+05
2.309000000000000000e+03,2.091344880587805528e+05
2.310000000000000000e+03,1.974399318263210007e+05
2.311000000000000000e+03,1.812847979093601753e+05
2.312000000000000000e+03,1.760240512923499919e+05
2.313000000000000000e+03,1.802372603865008568e+05
2.314000000000000000e+03,1.814582423665063980e+05
2.315000000000000000e+03,1.849204343045792484e+05
2.316000000000000000e+03,1.765331521489089064e+05
2.317000000000000000e+03,1.778636703581899637e+05
2.318000000000000000e+03,1.804145354892775940e+05
2.319000000000000000e+03,1.868853155541816959e+05
2.320000000000000000e+03,2.517381151024616265e+05
2.321000000000000000e+03,1.776402919854648353e+05
2.322000000000000000e+03,1.792744957834840461e+05
2.323000000000000000e+03,1.729809242748751130e+05
2.324000000000000000e+03,2.135546159390357789e+05
2.325000000000000000e+03,1.696736598836921621e+05
2.326000000000000000e+03,2.132382387823052122e+05
2.327000000000000000e+03,2.291426916602154379e+05
2.328000000000000000e+03,1.836931299768406898e+05
2.329000000000000000e+03,1.744140419419637474e+05
2.330000000000000000e+03,3.571714525140608894e+05
2.331000000000000000e+03,4.105230203997299541e+05
2.332000000000000000e+03,3.242465341699582641e+05
2.333000000000000000e+03,2.569528699697853881e+05
2.334000000000000000e+03,2.615013898201353732e+05
2.335000000000000000e+03,3.327202328936125268e+05
2.336000000000000000e+03,2.015214699296870094e+05
2.337000000000000000e+03,2.845250343531002873e+05
2.338000000000000000e+03,2.261134578071116121e+05
2.339000000000000000e+03,3.774137389191729017e+05
2.340000000000000000e+03,2.217210794285600423e+05
2.341000000000000000e+03,2.437097852572113334e+05
2.342000000000000000e+03,2.262812904383231653e+05
2.343000000000000000e+03,2.264670330231662665e+05
2.344000000000000000e+03,2.372138655963467609e+05
2.345000000000000000e+03,2.127130639484079147e+05
2.346000000000000000e+03,1.963652835886351531e+05
2.347000000000000000e+03,2.328683771347205620e+05
2.348000000000000000e+03,1.671108047776365711e+05
2.349000000000000000e+03,2.861394028632576810e+05
2.350000000000000000e+03,2.560553755789588322e+05
2.351000000000000000e+03,2.502759658490205475e+05
2.352000000000000000e+03,2.093888927443433786e+05
2.353000000000000000e+03,1.337137457006280310e+05
2.354000000000000000e+03,1.546423805659218342e+05
2.355000000000000000e+03,1.529008819073350751e+05
2.356000000000000000e+03,1.979530066950540640e+05
2.357000000000000000e+03,1.843426345306429721e+05
2.358000000000000000e+03,1.260564389694995625e+05
2.359000000000000000e+03,1.167627328590347315e+05
2.360000000000000000e+03,1.445657601297646179e+05
2.361000000000000000e+03,2.699750070222247159e+05
2.362000000000000000e+03,1.383287634544108587e+05
2.363000000000000000e+03,1.565807420279961370e+05
2.364000000000000000e+03,2.134639126962189330e+05
2.365000000000000000e+03,2.036720851138219296e+05
2.366000000000000000e+03,2.388533223370466148e+05
2.367000000000000000e+03,2.029898949090046808e+05
2.368000000000000000e+03,2.304223065243205347e+05
2.369000000000000000e+03,1.713345044586906733e+05
2.370000000000000000e+03,1.693627332108783594e+05
2.371000000000000000e+03,1.896446498172117863e+05
2.372000000000000000e+03,2.801782987310400349e+05
2.373000000000000000e+03,3.190501970265156706e+05
2.374000000000000000e+03,2.649739813992985291e+05
2.375000000000000000e+03,2.730709672682828386e+05
2.376000000000000000e+03,3.503731864137123339e+05
2.377000000000000000e+03,1.422321500190432416e+05
2.378000000000000000e+03,1.912106028379497002e+05
2.379000000000000000e+03,1.434602787336831680e+05
2.380000000000000000e+03,1.532314559003940376e+05
2.381000000000000000e+03,1.970836039795481774e+05
2.382000000000000000e+03,2.062947643358901842e+05
2.383000000000000000e+03,2.408040926215920190e+05
2.384000000000000000e+03,1.605611220271909551e+05
2.385000000000000000e+03,1.346076347900688997e+05
2.386000000000000000e+03,1.350661900517084869e+05
2.387000000000000000e+03,9.918938338359518093e+04
2.388000000000000000e+03,1.256287050684691058e+05
2.389000000000000000e+03,1.483588805245023977e+05
2.390000000000000000e+03,1.396319061146763270e+05
2.391000000000000000e+03,1.203947198674014944e+05
2.392000000000000000e+03,1.711771086258241266e+05
2.393000000000000000e+03,1.446848794919646461e+05
2.394000000000000000e+03,2.018563094976185239e+05
2.395000000000000000e+03,1.382700913280655222e+05
2.396000000000000000e+03,2.184123074193926295e+05
2.397000000000000000e+03,1.315896647320309421e+05
2.398000000000000000e+03,5.300808050478604855e+04
2.399000000000000000e+03,5.495448436835765460e+04
2.400000000000000000e+03,1.117621684367682610e+05
2.401000000000000000e+03,1.404081287878432486e+05
2.402000000000000000e+03,1.354110849023370829e+05
2.403000000000000000e+03,1.437400635105294932e+05
2.404000000000000000e+03,1.561428406823192199e+05
2.405000000000000000e+03,1.402499752081682091e+05
2.406000000000000000e+03,1.313129529598566587e+05
2.407000000000000000e+03,1.417963020400626992e+05
2.408000000000000000e+03,1.307057551127891929e+05
2.409000000000000000e+03,1.630660663963964034e+05
2.410000000000000000e+03,1.237062649316579918e+05
2.411000000000000000e+03,1.569436558226688649e+05
2.412000000000000000e+03,1.333394317327792523e+05
2.413000000000000000e+03,1.438498468258712091e+05
2.414000000000000000e+03,1.348286425363784074e+05
2.415000000000000000e+03,1.287942246702636039e+05
2.416000000000000000e+03,1.302368090880622040e+05
2.417000000000000000e+03,1.291199094619857642e+05
2.418000000000000000e+03,1.255699580123918422e+05
2.419000000000000000e+03,1.283738370357753738e+05
2.420000000000000000e+03,1.453134997057809669e+05
2.421000000000000000e+03,1.202601269988224813e+05
2.422000000000000000e+03,1.275795069868459104e+05
2.423000000000000000e+03,1.536513270979346125e+05
2.424000000000000000e+03,1.719576988211954595e+05
2.425000000000000000e+03,1.205275503856267314e+05
2.426000000000000000e+03,1.372275215209779562e+05
2.427000000000000000e+03,1.850066238909727253e+05
2.428000000000000000e+03,1.201699922205760522e+05
2.429000000000000000e+03,1.316798558349417290e+05
2.430000000000000000e+03,1.113503795936129900e+05
2.431000000000000000e+03,1.453163195238148910e+05
2.432000000000000000e+03,1.494375756688136607e+05
2.433000000000000000e+03,1.369134575598168012e+05
2.434000000000000000e+03,1.461312974726486718e+05
2.435000000000000000e+03,1.027884395823866507e+05
2.436000000000000000e+03,1.103315542660241772e+05
2.437000000000000000e+03,1.261788597855262196e+05
2.438000000000000000e+03,1.055678507888836175e+05
2.439000000000000000e+03,1.254863136630440713e+05
2.440000000000000000e+03,9.567781940432220290e+04
2.441000000000000000e+03,1.022672508625350893e+05
2.442000000000000000e+03,1.170811317784066196e+05
2.443000000000000000e+03,1.282956495385161252e+05
2.444000000000000000e+03,7.977311632375649060e+04
2.445000000000000000e+03,1.218773495835510548e+05
2.446000000000000000e+03,2.044579653882363928e+05
2.447000000000000000e+03,1.292681092613658984e+05
2.448000000000000000e+03,1.052811011756501975e+05
2.449000000000000000e+03,1.527005934694113384e+05
2.450000000000000000e+03,1.186001061176245130e+05
2.451000000000000000e+03,2.088978342190039402e+05
2.452000000000000000e+03,9.553200854919769336e+04
2.453000000000000000e+03,1.219979043198592990e+05
2.454000000000000000e+03,1.077651615742619178e+05
2.455000000000000000e+03,1.342404055552930513e+05
2.456000000000000000e+03,1.229180116079283180e+05
2.457000000000000000e+03,1.108020911219343834e+05
2.458000000000000000e+03,1.081782513532726589e+05
2.459000000000000000e+03,1.357137547412264394e+05
2.460000000000000000e+03,1.131391298995444231e+05
2.461000000000000000e+03,1.329649372791835340e+05
2.462000000000000000e+03,1.210214447870575968e+05
2.463000000000000000e+03,1.545034960184355150e+05
2.464000000000000000e+03,1.299956511388428044e+05
2.465000000000000000e+03,1.085726572163841483e+05
2.466000000000000000e+03,1.424696883529615006e+05
2.467000000000000000e+03,8.195177748058662110e+04
2.468000000000000000e+03,7.701897130431761616e+04
2.469000000000000000e+03,1.860323463444509835e+05
2.470000000000000000e+03,2.172814075626289996e+05
2.471000000000000000e+03,1.561556889090488548e+05
2.472000000000000000e+03,1.169374483544356190e+05
2.473000000000000000e+03,7.986320489573842497e+04
2.474000000000000000e+03,2.149832807165123813e+05
2.475000000000000000e+03,1.068090206321626465e+05
2.476000000000000000e+03,1.295613384898026416e+05
2.477000000000000000e+03,1.531832667702492618e+05
2.478000000000000000e+03,1.096737832270702784e+05
2.479000000000000000e+03,1.451096276241400337e+05
2.480000000000000000e+03,1.189388587507547054e+05
2.481000000000000000e+03,1.264631235011731624e+05
2.482000000000000000e+03,1.158534836105863651e+05
2.483000000000000000e+03,1.220033083345104096e+05
2.484000000000000000e+03,1.253413106408952299e+05
2.485000000000000000e+03,1.527058948714365251e+05
2.486000000000000000e+03,1.736688763698007679e+05
2.487000000000000000e+03,1.580591338922054856e+05
2.488000000000000000e+03,1.516054957549444807e+05
2.489000000000000000e+03,1.489194483759693976e+05
2.490000000000000000e+03,9.149139543266073451e+04
2.491000000000000000e+03,1.760345485217180394e+05
2.492000000000000000e+03,1.388208032476471562e+05
2.493000000000000000e+03,1.603417478325619013e+05
2.494000000000000000e+03,8.721273214092242415e+04
2.495000000000000000e+03,2.361612841445920349e+05
2.496000000000000000e+03,1.493528146791428444e+05
2.497000000000000000e+03,1.137058847313522128e+05
2.498000000000000000e+03,9.167919549738962087e+04
2.499000000000000000e+03,1.255222236448196199e+05
2.500000000000000000e+03,1.345638731193588173e+05
2.501000000000000000e+03,1.446821667046551302e+05
2.502000000000000000e+03,9.262458168556060991e+04
2.503000000000000000e+03,1.777157842674608401e+05
2.504000000000000000e+03,2.278626530062675010e+05
2.505000000000000000e+03,2.585036620930802310e+05
2.506000000000000000e+03,3.000294418095941655e+05
2.507000000000000000e+03,2.586299272293021495e+05
2.508000000000000000e+03,2.174280031133601733e+05
2.509000000000000000e+03,2.381774399337934447e+05
2.510000000000000000e+03,1.824620706149538455e+05
2.511000000000000000e+03,2.024909530792709556e+05
2.512000000000000000e+03,2.091825617496194609e+05
2.513000000000000000e+03,2.509832806833588984e+05
2.514000000000000000e+03,1.438261859600906027e+05
2.515000000000000000e+03,1.580661590875650290e+05
2.516000000000000000e+03,1.406366099794086185e+05
2.517000000000000000e+03,1.495623703327113471e+05
2.518000000000000000e+03,2.215650561271703045e+05
2.519000000000000000e+03,2.024438890558696294e+05
2.520000000000000000e+03,1.887978559748533007e+05
2.521000000000000000e+03,2.223898466853099817e+05
2.522000000000000000e+03,1.267180216418838681e+05
2.523000000000000000e+03,1.359602607939374575e+05
2.524000000000000000e+03,1.416139711719769111e+05
2.525000000000000000e+03,1.358099162833572191e+05
2.526000000000000000e+03,1.085571429212672519e+05
2.527000000000000000e+03,1.316474371383886028e+05
2.528000000000000000e+03,1.313328939319488709e+05
2.529000000000000000e+03,1.135571529442070751e+05
2.530000000000000000e+03,2.582851213085185154e+05
2.531000000000000000e+03,2.228912465827002306e+05
2.532000000000000000e+03,1.936591038843460265e+05
2.533000000000000000e+03,2.398732337876704696e+05
2.534000000000000000e+03,3.350411021933813463e+05
2.535000000000000000e+03,2.327227011651415960e+05
2.536000000000000000e+03,2.325811517060907790e+05
2.537000000000000000e+03,1.820418840868484112e+05
2.538000000000000000e+03,1.899659873540143017e+05
2.539000000000000000e+03,1.697458714936940232e+05
2.540000000000000000e+03,1.855891163255095598e+05
2.541000000000000000e+03,1.628154600212817604e+05
2.542000000000000000e+03,1.288068831842375366e+05
2.543000000000000000e+03,1.270259241232955246e+05
2.544000000000000000e+03,1.382229237217684567e+05
2.545000000000000000e+03,1.357100750128998479e+05
2.546000000000000000e+03,1.407539654446237837e+05
2.547000000000000000e+03,1.389990842873930524e+05
2.548000000000000000e+03,1.570280176522365655e+05
2.549000000000000000e+03,2.374570451283834118e+05
2.550000000000000000e+03,1.316090699916781741e+05
2.551000000000000000e+03,1.282145634858741978e+05
2.552000000000000000e+03,8.049668355574816815e+04
2.553000000000000000e+03,1.042151575460451859e+05
2.554000000000000000e+03,1.152984043798911589e+05
2.555000000000000000e+03,1.036335167273407569e+05
2.556000000000000000e+03,1.144634079965423589e+05
2.557000000000000000e+03,1.395261487696683907e+05
2.558000000000000000e+03,1.313787897146152100e+05
2.559000000000000000e+03,1.379073551608888665e+05
2.560000000000000000e+03,1.496212734854327282e+05
2.561000000000000000e+03,1.281845126061853080e+05
2.562000000000000000e+03,1.412767094967288431e+05
2.563000000000000000e+03,1.971197440093146579e+05
2.564000000000000000e+03,1.390346007227634545e+05
2.565000000000000000e+03,1.598661323594309215e+05
2.566000000000000000e+03,1.293442475710043509e+05
2.567000000000000000e+03,1.892797585355275660e+05
2.568000000000000000e+03,2.131221724168890796e+05
2.569000000000000000e+03,1.186502312643014156e+05
2.570000000000000000e+03,1.730585723064766789e+05
2.571000000000000000e+03,1.753405366746433720e+05
2.572000000000000000e+03,2.074160448134395701e+05
2.573000000000000000e+03,2.987481838734736084e+05
2.574000000000000000e+03,1.270817434015149338e+05
2.575000000000000000e+03,1.283668066670577100e+05
2.576000000000000000e+03,1.597572240377480339e+05
2.577000000000000000e+03,8.892745954351215914e+04
2.578000000000000000e+03,6.003890750429084437e+04
2.579000000000000000e+03,1.086724938496488612e+05
2.580000000000000000e+03,9.727142577789883944e+04
2.581000000000000000e+03,1.120458793125106313e+05
2.582000000000000000e+03,2.692430444049222278e+05
2.583000000000000000e+03,1.579568970098129648e+05
2.584000000000000000e+03,1.794795051031015755e+05
2.585000000000000000e+03,2.217948608769355051e+05
2.586000000000000000e+03,1.985412017857485916e+05
2.587000000000000000e+03,1.583444499047829595e+05
2.588000000000000000e+03,1.472061465832375106e+05
2.589000000000000000e+03,2.244491741008546669e+05
2.590000000000000000e+03,2.076859475183787872e+05
2.591000000000000000e+03,2.117967144311767770e+05
2.592000000000000000e+03,2.645341616434091702e+05
2.593000000000000000e+03,1.877647319404162117e+05
2.594000000000000000e+03,2.067385502714024042e+05
2.595000000000000000e+03,3.050440974926003837e+05
2.596000000000000000e+03,1.883128201683004445e+05
2.597000000000000000e+03,2.620648000257209642e+05
2.598000000000000000e+03,3.275496954091255902e+05
2.599000000000000000e+03,1.565355991197696712e+05
2.600000000000000000e+03,1.393301050612967811e+05
2.601000000000000000e+03,8.446133837117599614e+04
2.602000000000000000e+03,9.821202441839651146e+04
2.603000000000000000e+03,8.674900435674373875e+04
2.604000000000000000e+03,7.790323960853903554e+04
2.605000000000000000e+03,1.397690991327482043e+05
2.606000000000000000e+03,1.827174473867006309e+05
2.607000000000000000e+03,1.923793233910728595e+05
2.608000000000000000e+03,1.616670641089986311e+05
2.609000000000000000e+03,1.102866218760612246e+05
2.610000000000000000e+03,1.209761066474499239e+05
2.611000000000000000e+03,1.525750437138987181e+05
2.612000000000000000e+03,1.301536196810140827e+05
2.613000000000000000e+03,1.280555656047022494e+05
2.614000000000000000e+03,1.512559266375772131e+05
2.615000000000000000e+03,1.416164973690224870e+05
2.616000000000000000e+03,1.679766330637460633e+05
2.617000000000000000e+03,2.015783462858415442e+05
2.618000000000000000e+03,2.022288305536904081e+05
2.619000000000000000e+03,1.873816806483403780e+05
2.620000000000000000e+03,1.799393376306684804e+05
2.621000000000000000e+03,1.776922011129709426e+05
2.622000000000000000e+03,2.534764987585316703e+05
2.623000000000000000e+03,2.937814878897938179e+05
2.624000000000000000e+03,3.266428054920011200e+05
2.625000000000000000e+03,1.690057366048725671e+05
2.626000000000000000e+03,1.800131289215706929e+05
2.627000000000000000e+03,4.576985284087529872e+05
2.628000000000000000e+03,5.470395950431379024e+05
2.629000000000000000e+03,3.700039110655675177e+05
2.630000000000000000e+03,4.436861104777005385e+05
2.631000000000000000e+03,4.110576181186080794e+05
2.632000000000000000e+03,3.008675304140303051e+05
2.633000000000000000e+03,4.137761418612112175e+05
2.634000000000000000e+03,1.503887675606281846e+05
2.635000000000000000e+03,1.820009259478743479e+05
2.636000000000000000e+03,1.825318782155551889e+05
2.637000000000000000e+03,2.531884296931967838e+05
2.638000000000000000e+03,1.869262554069951293e+05
2.639000000000000000e+03,1.540644449532005528e+05
2.640000000000000000e+03,1.044547881575200881e+05
2.641000000000000000e+03,1.985997570482465962e+05
2.642000000000000000e+03,1.015833351621838228e+05
2.643000000000000000e+03,1.210742702761829860e+05
2.644000000000000000e+03,1.005441194169321097e+05
2.645000000000000000e+03,9.570464657184341922e+04
2.646000000000000000e+03,9.943946176922089944e+04
2.647000000000000000e+03,1.427738402414845186e+05
2.648000000000000000e+03,1.442325384543338732e+05
2.649000000000000000e+03,1.445854437048438413e+05
2.650000000000000000e+03,1.431306801096881682e+05
2.651000000000000000e+03,4.169973262943965965e+05
2.652000000000000000e+03,2.479289248435679765e+05
2.653000000000000000e+03,2.395948693580300023e+05
2.654000000000000000e+03,3.854355523650304531e+05
2.655000000000000000e+03,3.240998944720952422e+05
2.656000000000000000e+03,3.470877399085086072e+05
2.657000000000000000e+03,2.778829786869080854e+05
2.658000000000000000e+03,3.135809789781399304e+05
2.659000000000000000e+03,3.508056312267368194e+05
2.660000000000000000e+03,3.669309915002880152e+05
2.661000000000000000e+03,3.582059968820218928e+05
2.662000000000000000e+03,2.744940566401344258e+05
2.663000000000000000e+03,2.640113092240669648e+05
2.664000000000000000e+03,3.293057664276052383e+05
2.665000000000000000e+03,2.761530930520479451e+05
2.666000000000000000e+03,1.700012259004208900e+05
2.667000000000000000e+03,1.878488883452968730e+05
2.668000000000000000e+03,1.685375901443421899e+05
2.669000000000000000e+03,2.883781547162841307e+05
2.670000000000000000e+03,1.904246552236525167e+05
2.671000000000000000e+03,1.858283817233611189e+05
2.672000000000000000e+03,2.091230709328319645e+05
2.673000000000000000e+03,1.988765454221157997e+05
2.674000000000000000e+03,1.743440721396532899e+05
2.675000000000000000e+03,1.863396009091092274e+05
2.676000000000000000e+03,1.904829943560041720e+05
2.677000000000000000e+03,2.523858471824526205e+05
2.678000000000000000e+03,2.874658549556498183e+05
2.679000000000000000e+03,2.802891022165874601e+05
2.680000000000000000e+03,4.117261610340675688e+05
2.681000000000000000e+03,3.277307349088029587e+05
2.682000000000000000e+03,5.397243166188749019e+05
2.683000000000000000e+03,3.172694903386909864e+05
2.684000000000000000e+03,3.503810615393829066e+05
2.685000000000000000e+03,2.605951066539574240e+05
2.686000000000000000e+03,3.138739557521693059e+05
2.687000000000000000e+03,2.312114511456295440e+05
2.688000000000000000e+03,2.120812671528911160e+05
2.689000000000000000e+03,4.457151259766197181e+05
2.690000000000000000e+03,1.761741832755807554e+05
2.691000000000000000e+03,1.310525288282935799e+05
2.692000000000000000e+03,1.937931709294136963e+05
2.693000000000000000e+03,1.325538659284891037e+05
2.694000000000000000e+03,1.887746731380951533e+05
2.695000000000000000e+03,1.880452112266048498e+05
2.696000000000000000e+03,1.776599060799916915e+05
2.697000000000000000e+03,1.815966374148553004e+05
2.698000000000000000e+03,1.729630521263601258e+05
2.699000000000000000e+03,1.566404560912670277e+05
2.700000000000000000e+03,1.470087993327137374e+05
2.701000000000000000e+03,1.145834607909790793e+05
2.702000000000000000e+03,1.301181130007199536e+05
2.703000000000000000e+03,1.417503765474213287e+05
2.704000000000000000e+03,1.239164726443729305e+05
2.705000000000000000e+03,1.190855898517594615e+05
2.706000000000000000e+03,1.283037060701256269e+05
2.707000000000000000e+03,1.392068233219696558e+05
2.708000000000000000e+03,1.115856400298454100e+05
2.709000000000000000e+03,1.302688676746675046e+05
2.710000000000000000e+03,2.779594983747714432e+05
2.711000000000000000e+03,3.708489964459051262e+05
2.712000000000000000e+03,1.733249075677997316e+05
2.713000000000000000e+03,1.510781103458209836e+05
2.714000000000000000e+03,1.702252089947908244e+05
2.715000000000000000e+03,1.474385735657192999e+05
2.716000000000000000e+03,1.853579869055858289e+05
2.717000000000000000e+03,2.398757761526909599e+05
2.718000000000000000e+03,1.573974474697451224e+05
2.719000000000000000e+03,1.726247370722796186e+05
2.720000000000000000e+03,1.352220544773353904e+05
2.721000000000000000e+03,1.555568685590802634e+05
2.722000000000000000e+03,1.460374683131949569e+05
2.723000000000000000e+03,1.287162012038630201e+05
2.724000000000000000e+03,1.344477808875960764e+05
2.725000000000000000e+03,1.441762599685985479e+05
2.726000000000000000e+03,1.705853789410032041e+05
2.727000000000000000e+03,1.697966992369053769e+05
2.728000000000000000e+03,1.540281623244250659e+05
2.729000000000000000e+03,1.428181088823389146e+05
2.730000000000000000e+03,1.279280611998362147e+05
2.731000000000000000e+03,1.247755883615846979e+05
2.732000000000000000e+03,1.609403771161505429e+05
2.733000000000000000e+03,1.371207238506030990e+05
2.734000000000000000e+03,1.340008982093178784e+05
2.735000000000000000e+03,1.410864852599506848e+05
2.736000000000000000e+03,1.255671024761757726e+05
2.737000000000000000e+03,1.356828289260506863e+05
2.738000000000000000e+03,1.592544381096948346e+05
2.739000000000000000e+03,1.383336818613896903e+05
2.740000000000000000e+03,1.457711011955434224e+05
2.741000000000000000e+03,1.518763889623102732e+05
2.742000000000000000e+03,1.456364604595383862e+05
2.743000000000000000e+03,1.520838457960011146e+05
2.744000000000000000e+03,1.396906702492883778e+05
2.745000000000000000e+03,1.395805893294615089e+05
2.746000000000000000e+03,1.568442049829765747e+05
2.747000000000000000e+03,1.215868179993625672e+05
2.748000000000000000e+03,1.257272418556667690e+05
2.749000000000000000e+03,1.336095022336327529e+05
2.750000000000000000e+03,1.353863178212040220e+05
2.751000000000000000e+03,2.098879655472884770e+05
2.752000000000000000e+03,1.532024667063317029e+05
2.753000000000000000e+03,1.994887673477489152e+05
2.754000000000000000e+03,1.279257291986753116e+05
2.755000000000000000e+03,8.670858126218325924e+04
2.756000000000000000e+03,5.838908066367758147e+04
2.757000000000000000e+03,8.346776631855472806e+04
2.758000000000000000e+03,1.560793848625167739e+05
2.759000000000000000e+03,1.255593736937724461e+05
2.760000000000000000e+03,1.436012444991022057e+05
2.761000000000000000e+03,1.443125063241708267e+05
2.762000000000000000e+03,1.787068912390783371e+05
2.763000000000000000e+03,1.644197929722646950e+05
2.764000000000000000e+03,2.826215544920706307e+05
2.765000000000000000e+03,1.378556858536977088e+05
2.766000000000000000e+03,8.772431484878658375e+04
2.767000000000000000e+03,1.332634424837246188e+05
2.768000000000000000e+03,1.320434700101786293e+05
2.769000000000000000e+03,1.577800519255702966e+05
2.770000000000000000e+03,1.167785451355492114e+05
2.771000000000000000e+03,1.207584977114180365e+05
2.772000000000000000e+03,1.549135062311797810e+05
2.773000000000000000e+03,1.351506244158614136e+05
2.774000000000000000e+03,1.186042710496253858e+05
2.775000000000000000e+03,1.358891088000448362e+05
2.776000000000000000e+03,1.489167062153544102e+05
2.777000000000000000e+03,1.181363440186774678e+05
2.778000000000000000e+03,1.199419892702040815e+05
2.779000000000000000e+03,9.520095183211943367e+04
2.780000000000000000e+03,9.993347950046810729e+04
2.781000000000000000e+03,9.501571717795575387e+04
2.782000000000000000e+03,9.356311114171984082e+04
2.783000000000000000e+03,1.269085075328952080e+05
2.784000000000000000e+03,1.308774880220894411e+05
2.785000000000000000e+03,6.618064734543967643e+04
2.786000000000000000e+03,1.204313184613505873e+05
2.787000000000000000e+03,7.529582770392832754e+04
2.788000000000000000e+03,1.943982820039871731e+05
2.789000000000000000e+03,8.838084021108660090e+04
2.790000000000000000e+03,1.159256273496477079e+05
2.791000000000000000e+03,4.791564486711304926e+04
2.792000000000000000e+03,1.653501861529867165e+05
2.793000000000000000e+03,9.537322649083756551e+04
2.794000000000000000e+03,1.131273380500108469e+05
2.795000000000000000e+03,1.002692591480821429e+05
2.796000000000000000e+03,1.850021233307161019e+05
2.797000000000000000e+03,1.107425221290953777e+05
2.798000000000000000e+03,1.145072075700391870e+05
2.799000000000000000e+03,6.918338738289489993e+04
2.800000000000000000e+03,1.096449869229068718e+05
2.801000000000000000e+03,1.432557577452331316e+05
2.802000000000000000e+03,1.583817956914952374e+05
2.803000000000000000e+03,1.406475124319139868e+05
2.804000000000000000e+03,9.642936017805074516e+04
2.805000000000000000e+03,8.177762337090542133e+04
2.806000000000000000e+03,1.688035163299113919e+05
2.807000000000000000e+03,1.433904539860166260e+05
2.808000000000000000e+03,1.325894555770816805e+05
2.809000000000000000e+03,1.312530515602794767e+05
2.810000000000000000e+03,1.514191750880976615e+05
2.811000000000000000e+03,1.480203381469068408e+05
2.812000000000000000e+03,1.458630848477337277e+05
2.813000000000000000e+03,1.479577344764362497e+05
2.814000000000000000e+03,1.025125329030450666e+05
2.815000000000000000e+03,2.426050237136167707e+05
2.816000000000000000e+03,1.478296777065001952e+05
2.817000000000000000e+03,1.247076422731666971e+05
2.818000000000000000e+03,1.637221605399501277e+05
2.819000000000000000e+03,1.357034887734359945e+05
2.820000000000000000e+03,1.030894301757679787e+05
2.821000000000000000e+03,1.944859762494970928e+05
2.822000000000000000e+03,2.583977885574738029e+05
2.823000000000000000e+03,1.666441869696085341e+05
2.824000000000000000e+03,1.609306994894382951e+05
2.825000000000000000e+03,1.323331267053337069e+05
2.826000000000000000e+03,1.414418296202847851e+05
2.827000000000000000e+03,2.049753260429937218e+05
2.828000000000000000e+03,1.871796569799444987e+05
2.829000000000000000e+03,2.269546047922931903e+05
2.830000000000000000e+03,1.812014492486456875e+05
2.831000000000000000e+03,2.320477017574673519e+05
2.832000000000000000e+03,2.986239820778768626e+05
2.833000000000000000e+03,2.039480281130753283e+05
2.834000000000000000e+03,2.206247116945967136e+05
2.835000000000000000e+03,1.895188788228628400e+05
2.836000000000000000e+03,1.603062646650714451e+05
2.837000000000000000e+03,1.468183329333840229e+05
2.838000000000000000e+03,1.837784681032548251e+05
2.839000000000000000e+03,2.063441192575258610e+05
2.840000000000000000e+03,1.992837843173178553e+05
2.841000000000000000e+03,2.215160891942360613e+05
2.842000000000000000e+03,1.442423024417559500e+05
2.843000000000000000e+03,1.445734884150826838e+05
2.844000000000000000e+03,1.225415786393862363e+05
2.845000000000000000e+03,2.050343475080632779e+05
2.846000000000000000e+03,1.943293695657989592e+05
2.847000000000000000e+03,2.155842172821599233e+05
2.848000000000000000e+03,2.016186466445603583e+05
2.849000000000000000e+03,2.839308841038833489e+05
2.850000000000000000e+03,2.271575354936605145e+05
2.851000000000000000e+03,2.341265457873095002e+05
2.852000000000000000e+03,2.371265965312286862e+05
2.853000000000000000e+03,1.420623593656118901e+05
2.854000000000000000e+03,1.994698735347558686e+05
2.855000000000000000e+03,1.991917500272770412e+05
2.856000000000000000e+03,1.883878143775715143e+05
2.857000000000000000e+03,2.049977713512076298e+05
2.858000000000000000e+03,1.230631562356449576e+05
2.859000000000000000e+03,1.241006959262800228e+05
2.860000000000000000e+03,1.277025964965162275e+05
2.861000000000000000e+03,1.939458563873293460e+05
2.862000000000000000e+03,1.229936752185903024e+05
2.863000000000000000e+03,2.337718416769629112e+05
2.864000000000000000e+03,1.356595543987286219e+05
2.865000000000000000e+03,1.483251772728998912e+05
2.866000000000000000e+03,9.451117643602294265e+04
2.867000000000000000e+03,9.946985993102075008e+04
2.868000000000000000e+03,1.068281732290510845e+05
2.869000000000000000e+03,1.293747496940285491e+05
2.870000000000000000e+03,9.472660131933023513e+04
2.871000000000000000e+03,4.676863707464230538e+04
2.872000000000000000e+03,1.033587388220565481e+05
2.873000000000000000e+03,1.392887557983644656e+05
2.874000000000000000e+03,1.054914413306229981e+05
2.875000000000000000e+03,1.714575997949203302e+05
2.876000000000000000e+03,1.382201451884291600e+05
2.877000000000000000e+03,1.779922694838412281e+05
2.878000000000000000e+03,1.411585348412786843e+05
2.879000000000000000e+03,9.655969801129591360e+04
2.880000000000000000e+03,1.483822165629439114e+05
2.881000000000000000e+03,1.557106670008378569e+05
2.882000000000000000e+03,1.777819965576909017e+05
2.883000000000000000e+03,2.211044255312849418e+05
2.884000000000000000e+03,1.918841597069946874e+05
2.885000000000000000e+03,2.146405202605010127e+05
2.886000000000000000e+03,9.853419797459835536e+04
2.887000000000000000e+03,1.288356353488579625e+05
2.888000000000000000e+03,5.651375266756200290e+04
2.889000000000000000e+03,8.114533475622862170e+04
2.890000000000000000e+03,1.282384855992213706e+05
2.891000000000000000e+03,4.329718339884401939e+04
2.892000000000000000e+03,8.301132741152092058e+04
2.893000000000000000e+03,4.414707845842133247e+04
2.894000000000000000e+03,2.919441538680130034e+05
2.895000000000000000e+03,2.819643458936134120e+05
2.896000000000000000e+03,2.070388385377765808e+05
2.897000000000000000e+03,1.475881366671961732e+05
2.898000000000000000e+03,2.317627327217286802e+05
2.899000000000000000e+03,1.568025972945728863e+05
2.900000000000000000e+03,2.113532828543267387e+05
2.901000000000000000e+03,1.805059296190601599e+05
2.902000000000000000e+03,3.396894216123332153e+05
2.903000000000000000e+03,3.574246167748450534e+05
2.904000000000000000e+03,9.052174608353785879e+04
2.905000000000000000e+03,2.109415477242739289e+05
2.906000000000000000e+03,1.084095414067602251e+05
2.907000000000000000e+03,1.319634329542951600e+05
2.908000000000000000e+03,1.394541408405732655e+05
2.909000000000000000e+03,8.411001860867302457e+04
2.910000000000000000e+03,8.321272500667873828e+04
2.911000000000000000e+03,1.466859688871786348e+05
2.912000000000000000e+03,8.762433437921923178e+04
2.913000000000000000e+03,7.821881600200026878e+04
2.914000000000000000e+03,8.130085629569157027e+04
2.915000000000000000e+03,8.610999464947903471e+04
2.916000000000000000e+03,1.505008112622598128e+05
2.917000000000000000e+03,1.173043604772652470e+05
2.918000000000000000e+03,2.375474731319616258e+05
